,Titulos,Instituições,Autores,Ano,Volume,Links
0,Ecotoxicological effects of commercial herbicides on the reproductive system of aquatic arthropod Limnocoris submontandoni (Hemiptera: Naucoridae),Brazilian Journal of Biology,"['Souza, A. M.', 'Maciel, J. C.', 'Barroso, G. M.', 'Silva, R. S.', 'Garraffoni, A. R. S.', 'Neves, C. A.', 'Soares, M. A.', 'Santos, J. B.']",2024.0,84.0,http://www.scielo.br/scielo.php?script=sci_arttext&pid=S1519-69842024000100105&lang=pt
1,Mortality of the cotton boll weevil in drip and sprinkler irrigated cotton crops,Brazilian Journal of Biology,"['Faustino, R.F.', 'Silva, C.A.D.', 'Zanuncio, J.C.', 'Pereira, J.R.', 'Pereira, A.I.A.']",2023.0,83.0,http://www.scielo.br/scielo.php?script=sci_arttext&pid=S1519-69842023000100260&lang=pt
2,"Natural parasitism in fruit fly (Diptera: Tephritidae) and interaction with wild hosts surrounding apple orchards adjacent to Atlantic Forest fragments in Paraná State, Brazil",Brazilian Journal of Biology,"['Monteiro, L. B.', 'Nishimura, G.', 'Monteiro, R. S.']",2023.0,83.0,http://www.scielo.br/scielo.php?script=sci_arttext&pid=S1519-69842023000100286&lang=pt
3,Yersinia massiliensis (Enterobacteriales: Enterobacteriaceae) in the host Anaphes nitens (Hymenoptera: Mymaridae): first report of association with insects,Brazilian Journal of Biology,"['Ribeiro, M. F.', 'Carvalho, V. R.', 'Favoreto, A. L.', 'De Marchi, B. R.', 'Jordan, C.', 'Zanuncio, J. C.', 'Soares, M. A.', 'Zanuncio, A. J. V.', 'Wilcken, C. F.']",2022.0,82.0,http://www.scielo.br/scielo.php?script=sci_arttext&pid=S1519-69842022000100119&lang=pt
4,Distribution of galling insects and their parasitoids on Caryocar brasiliense tree crowns,Brazilian Journal of Biology,"['Leite, G. L. D.', 'Veloso, R. V. S.', 'Azevedo, A. M.', 'Almeida, C. I. Maia e', 'Soares, M. A.', 'Pereira, A. I. A.', 'Lemes, P. G.', 'Zanuncio, J. C.']",2022.0,82.0,http://www.scielo.br/scielo.php?script=sci_arttext&pid=S1519-69842022000100159&lang=pt
5,Seroprevalence of Chagas disease in Southern Brazilian cardiac patients and their knowledge about the parasitosis and vectors,Brazilian Journal of Biology,"['Dutra, A. S.', 'Stauffert, D.', 'Bianchi, T. F.', 'Ribeiro, D. R. P.', 'Villela, M. M.']",2021.0,81.0,http://www.scielo.br/scielo.php?script=sci_arttext&pid=S1519-69842021000400867&lang=pt
6,História com maiúscula de um minúsculo inseto,Topoi (Rio de Janeiro),"['Correa, Sílvio Marcus de Souza']",2021.0,22.0,http://www.scielo.br/scielo.php?script=sci_arttext&pid=S2237-101X2021000300814&lang=pt
7,Biological control of dryocosmus kuriphilus yasumatsu with the parasitoid torymus sinensis kamijo,"Millenium - Journal of Education, Technologies, and Health","['Cardoso, João', 'Almeida, Maria Teresa', 'Bento, Albino']",2021.0,14.0,http://www.scielo.pt/scielo.php?script=sci_arttext&pid=S0873-30152021000100091&lang=pt
8,Efeito da temperatura no desenvolvimento e na reprodução de Blastopsylla occidentalis (Hemiptera: Aphalaridae) em condições de laboratório,Ciência Florestal,"['Künast, Talita Benedcta Santos', 'Queiroz, Dalva Luiz de', 'Burckhardt, Daniel', 'Andrade, Ednaldo Antônio de', 'Barreto, Marliton Rocha']",2021.0,31.0,http://www.scielo.br/scielo.php?script=sci_arttext&pid=S1980-50982021000100440&lang=pt
9,"Saprophytic flies in impacted areas of the Belo Monte Dam, Pará, Brazil (Diptera: Mesembrinellidae, Neriidae, Ropalomeridae, and Sarcophagidae): community composition, abundance, and species richness",Biota Neotropica,"['Queiroz, Camila Lorena Damasceno', 'De-Souza, Caroline Costa', 'Medeiros, Hermes Fonseca de', 'Overal, William Leslie', 'Viana-Junior, Arleu Barbosa', 'Carvalho-Filho, Fernando da Silva']",2021.0,21.0,http://www.scielo.br/scielo.php?script=sci_arttext&pid=S1676-06032021000100302&lang=pt
10,Biological and morphological parameters of Dysdercus maurus fed with low- or high-oil cotton seeds,Pesquisa Agropecuária Brasileira,"['Silva, Carlos Alberto Domingues da', 'Galdino, Josivaldo da Silva', 'Carvalho, Thiele da Silva', 'Zanuncio, José Cola']",2021.0,56.0,http://www.scielo.br/scielo.php?script=sci_arttext&pid=S0100-204X2021000102001&lang=pt
11,"POPULATION DYNAMICS OF Hypothenemus hampei (Coleoptera: Scolytidae) IN AGROFORESTRY AND MONOCULTURE SYSTEMS OF CONILON COFFEE IN THE SOUTHERN PORTION OF THE STATE OF AMAZONAS, BRAZIL",Revista Árvore,"['Botelho, Juliana Formiga', 'Queiroz, Ruan Sobreira de', 'Anjos, Marcelo Rodrigues dos', 'Souza, Moisés Santos de']",2021.0,45.0,http://www.scielo.br/scielo.php?script=sci_arttext&pid=S0100-67622021000100223&lang=pt
12,"Effect of light stress on Crotalaria spectabilis (Fabaceae) and on its herbivore insect, the moth Utetheisa ornatrix (Erebidae: Arctiinae)",Iheringia. Série Zoologia,"['Moreno, Carolina', 'Barbosa, Letícia L.', 'Lima, Lorena S.', 'Ferro, Viviane G.']",2021.0,111.0,http://www.scielo.br/scielo.php?script=sci_arttext&pid=S0073-47212021000100218&lang=pt
13,Record of aquatic invertebrates associated with the bromeliads Aechmea ornata (Baker) and Aechmea recurvata (Klotzsch) L. B. Sm in two Atlantic Rainforest fragments of south Brazil,Acta Limnologica Brasiliensia,"['Silva, Yuri Kataoka', 'Moser, Anderson de Souza', 'Ceneviva-Bastos, Mônica', 'Affonso, Ana Lucia Suriani']",2021.0,33.0,http://www.scielo.br/scielo.php?script=sci_arttext&pid=S2179-975X2021000100803&lang=pt
14,Intraspecific variation in the Chrysodeixis includens (Walker) (Lepidoptera: Noctuidae) susceptibility to insecticides,Pesquisa Agropecuária Tropical,"['Restelatto, Samanta Souza', 'Wille, Paulo Eduardo', 'Buss, Nayara', 'Wille, Cleiton Luis', 'Boff, Mari Inês Carissimi', 'Contini, Rafael Ermenegildo', 'Franco, Cláudio Roberto']",2021.0,51.0,http://www.scielo.br/scielo.php?script=sci_arttext&pid=S1983-40632021000100223&lang=pt
15,"AS DENOMINAÇÕES PARA LIBÉLULA, NO ATLAS LINGUÍSTICO DO BRASIL: UM ESTUDO SOBRE A MOTIVAÇÃO DOS SIGNOS",Alfa: Revista de Linguística (São José do Rio Preto),"['AGUILERA, Vanderci de Andrade', 'SILVA, Helen Cristina da']",2021.0,65.0,http://www.scielo.br/scielo.php?script=sci_arttext&pid=S1981-57942021000100246&lang=pt
16,A compilation of host plants and their gall-inducing insects for the Caatinga Biome,Biota Neotropica,"['Cintra, Fernanda C. F.', 'Maia, Valéria C.', 'Urso-Guimarães, Maria V.', 'Araújo, Walter S. de', 'Carneiro, Marco A. A.', 'Venâncio, Henrique', 'Almeida, Wanessa R. de', 'Santos, Jean C.']",2021.0,21.0,http://www.scielo.br/scielo.php?script=sci_arttext&pid=S1676-06032021000400207&lang=pt
17,Nephrotic syndrome after insect sting: a case report,Brazilian Journal of Nephrology,"['Junqueira, Vânia', 'Donato, Beatriz', 'Teixeira, Catarina', 'Mascarenhas, Maria Isabel', 'Silva, Isabel Costa', 'Almeida, Edgar']",2020.0,42.0,http://www.scielo.br/scielo.php?script=sci_arttext&pid=S0101-28002020000400498&lang=pt
18,ENTOMOPATHOGENIC NEMATODES ON CONTROL OF MEDITERRANEAN FRUIT FLY (DIPTERA: TEPHRITIDAE),Revista Caatinga,"['ROHDE, CRISTHIANE', 'MERTZ, NATÁLIA RAMOS', 'JUNIOR, ALCIDES MOINO']",2020.0,33.0,http://www.scielo.br/scielo.php?script=sci_arttext&pid=S1983-21252020000400974&lang=pt
19,Insecticidal and inhibitory effects of Meliaceae and Asteraceae extracts to silverleaf whitefly,Horticultura Brasileira,"['Baldin, Edson Luiz Lopes', 'Schlick-Souza, Eunice Cláudia', 'Soares, Muriel Cicatti Emanoeli', 'Lopes, Norberto Peporine', 'Lopes, João Luis Callegari', 'Bogorni, Paulo César', 'Vendramim, José Djair']",2020.0,38.0,http://www.scielo.br/scielo.php?script=sci_arttext&pid=S0102-05362020000300280&lang=pt
20,"[SciELO Preprints] - Identification of pest insects, predators and phytopathogenic fungi of Cucurbita moschata Loche",,"['Esquen-Bayona , Damaris', 'Arias , Carmen Patricia Calderon']",,,https://preprints.scielo.org/index.php/scielo/preprint/view/673
21,A cochonilha no mundo luso-brasileiro: o manuscrito setecentista editado por Manuel Joaquim Henriques de Paiva,"História, Ciências, Saúde-Manguinhos","['Santos, Clara Braz dos', 'Pereira, Milena da Silveira']",2020.0,27.0,http://www.scielo.br/scielo.php?script=sci_arttext&pid=S0104-59702020000100275&lang=pt
22,Insecticidal activity of plant extracts on Dysmicoccus brevipes in pineapple,Revista de Ciências Agrárias,"['Lira, Josélia A.', 'Pereira, Rosane R. da C.', 'Costa, Leidiane de O.', 'Nogueira, Rayele C. C.', 'Pereira, Carlos E.']",2020.0,43.0,http://www.scielo.pt/scielo.php?script=sci_arttext&pid=S0871-018X2020000100175&lang=pt
23,"Bruchine-Predated Seeds of Ipomoea nil (L.) Roth., A Cotton Crop Weed in Santiago Del Estero, Argentina",Planta Daninha,"['HELMAN, S.', 'SOBRERO, M.T.', 'RAÑA, E.']",2020.0,38.0,http://www.scielo.br/scielo.php?script=sci_arttext&pid=S0100-83582020000100225&lang=pt
24,Impact of global warming on the distribution of Anastrepha grandis (Diptera: Tephritidae) in Brazil,Arquivos do Instituto Biológico,"['Lisbôa, Heitor', 'Grutzmacher, Anderson Dionei', 'Wrege, Marcos Silveira', 'Garcia, Flávio Roberto Mello', 'Nava, Dori Edson']",2020.0,87.0,http://www.scielo.br/scielo.php?script=sci_arttext&pid=S1808-16572020000100201&lang=pt
25,Damage by the green-belly stink bug to corn,Pesquisa Agropecuária Brasileira,"['Fernandes, Paulo Henrique Ramos', 'Ávila, Crébio José', 'Silva, Ivana Fernandes da', 'Zulin, Daniele']",2020.0,55.0,http://www.scielo.br/scielo.php?script=sci_arttext&pid=S0100-204X2020000102000&lang=pt
26,Biological aspects and feeding behavior of cotton aphid in watermelon cultivars submitted to silicon application,Arquivos do Instituto Biológico,"['Pereira, Rosane Rodrigues da Costa', 'Barbosa, Roneres Deniz', 'Ferreira, Luciana Diniz', 'Silva, Douglas Marcelo Pinheiro da', 'Zaché, Ronelza Rodrigues da Costa', 'Pereira, Carlos Eduardo']",2020.0,87.0,http://www.scielo.br/scielo.php?script=sci_arttext&pid=S1808-16572020000100229&lang=pt
27,"Diet of Phylloicus (Trichoptera: Calamoceratidae) caddisfly larvae in forest streams of western Pará, central Brazilian Amazonia",Acta Limnologica Brasiliensia,"['Pimentel, Diego Ramos', 'Couceiro, Sheyla Regina Marques', 'Salcedo, Ana Karina Moreyra']",2020.0,32.0,http://www.scielo.br/scielo.php?script=sci_arttext&pid=S2179-975X2020000100509&lang=pt
28,Performance of insecticides in control of Diatraea saccharalis (Lepidoptera: Crambidae) in sugarcane,Arquivos do Instituto Biológico,"['Silva, Marcelo Feitosa da', 'Funichello, Marina', 'Souza, Diego Miranda de']",2020.0,87.0,http://www.scielo.br/scielo.php?script=sci_arttext&pid=S1808-16572020000100224&lang=pt
29,Investigation of Chagas disease within the same family: case study,Jornal Brasileiro de Patologia e Medicina Laboratorial,"['Takamiya, Nayore Tamie', 'Costa, Erika Alessandra P. N.', 'Lucheis, Simone B.', 'Santos, Rodrigo M.']",2019.0,55.0,http://www.scielo.br/scielo.php?script=sci_arttext&pid=S1676-24442019000600693&lang=pt
30,"Ocorrência e análise de injúrias de Costalimaita ferruginea (Fabricius, 1801) (Coleoptera: Chrysomelidae) em clones de Eucalyptus em Alagoas",Ciência Florestal,"['Xavier, Maria Eugênia Vieira', 'Breda, Mariana Oliveira', 'Gonzaga, Elmadã Pereira', 'Santos, Djison Silvestre dos', 'Costa, João Gomes da']",2019.0,29.0,http://www.scielo.br/scielo.php?script=sci_arttext&pid=S1980-50982019000301452&lang=pt
31,Effect of canopy cover on development of cedar (Cedrela fissilis) and aspects of damage caused by Hypsipyla grandella in agroforestry system,Ciência Florestal,"['Borges, Rafael', 'Boff, Mari Inês Carissimi', 'Mantovani, Adelar', 'Biscaro-Borges, Camila', 'Blassioli-Moraes, Maria Carolina']",2019.0,29.0,http://www.scielo.br/scielo.php?script=sci_arttext&pid=S1980-50982019000301324&lang=pt
32,Compostos de esterco de galinha e de ovino melhoram a produtividade de plantas de cafeeiro sob um sistema de produção orgânica,Arnaldoa,"['Rocca Jara, Quemin', 'Julca Otiniano, Alberto', 'Cuti Tapia, Rosa', 'Alvarado Huamán, Leonel', 'Castro Cépero, Viviana', 'Borjas Ventura, Ricardo']",2019.0,26.0,http://www.scielo.org.pe/scielo.php?script=sci_arttext&pid=S2413-32992019000200015&lang=pt
33,Galling inducing insects associated with a tropical shrub: The role of resource concentration and species interactions,Ecología austral,"['Fagundes, Marcilio', 'Barbosa, Elizete M', 'Oliveira, Jefferson B. B. S', 'Brito, Betânia G. S', 'Freitas, Kamila T', 'Freitas, Kleiperry F', 'Reis-Junior, Ronaldo']",2019.0,29.0,http://www.scielo.org.ar/scielo.php?script=sci_arttext&pid=S1667-782X2019000100002&lang=pt
34,"Entomofauna associated with Avena sativa in southern Mato Grosso do Sul, Brazil",Arquivos do Instituto Biológico,"['Silva, Rafael Azevedo da', 'Degrande, Paulo', 'Souza, Ellen Patricia de', 'Carducci, Carlos Eduardo', 'Leal, Matheus Fuchs', 'Pereira, Matheus Dalla Cort']",2019.0,86.0,http://www.scielo.br/scielo.php?script=sci_arttext&pid=S1808-16572019000100229&lang=pt
35,Compared activity of agonist molecules towards ecdysone receptor in insect cell-based screening system,Arquivos do Instituto Biológico,"['Pinto, Ciro Pedro Guidotti', 'Rickes, Letícia Neutzling', 'Zotti, Moisés João', 'Grutzmacher, Anderson Dionei']",2019.0,86.0,http://www.scielo.br/scielo.php?script=sci_arttext&pid=S1808-16572019000100409&lang=pt
36,"Silicon as resistance inducer in to control black aphid Aphis craccivora Koch, 1854 in Phaseolus lunatus lima beans",Arquivos do Instituto Biológico,"['Fortes Portela, Gilson Lages', 'Ramalho Silva, Paulo Roberto', 'Girão Filho, José Edmir', 'de Moura Pádua, Luiz Evaldo', 'de Melo Júnior, Luiz Carlos']",2019.0,86.0,http://www.scielo.br/scielo.php?script=sci_arttext&pid=S1808-16572019000100238&lang=pt
37,Preferences and demographic parameters of cowpea aphid on advanced lines of semiprostrate cowpea,Pesquisa Agropecuária Brasileira,"['Silva, Leandro Carvalho da', 'Nere, Daniel Rodrigues', 'Bleicher, Ervino', 'Tavares, Eraldo José Madureira', 'Barbosa, Antônio Vinícius Correa']",2019.0,54.0,http://www.scielo.br/scielo.php?script=sci_arttext&pid=S0100-204X2019000101901&lang=pt
38,"Leptocybe invasa (HYMENOPTERA: EULOPHIDAE) ON Eucalyptus SEEDLINGS IN SANTA CATARINA STATE, BRAZIL",Ciência Florestal,"['Barbosa, Leonardo Rodrigues', 'Rodrigues, Angelo Peruffo', 'Souza, Amanda Rodrigues de', 'Puretz, Barbara de Oliveira', 'Wilcken, Carlos Frederico', 'Zanuncio, José Cola']",2018.0,28.0,http://www.scielo.br/scielo.php?script=sci_arttext&pid=S1980-50982018000401770&lang=pt
39,Integrated management of pine wilt disease in Troia,Revista de Ciências Agrárias,"['Naves, Pedro', 'Bonifácio, Luís', 'Inácio, Maria Lurdes', 'Sousa, Edmundo']",2018.0,41.0,http://www.scielo.pt/scielo.php?script=sci_arttext&pid=S0871-018X2018000500002&lang=pt
40,Insecticidal action of Drimys brasiliensis Miers on black citrus aphid,Revista Ciência Agronômica,"['Anese, Simoni', 'Gambarra, Wanessa Porto Tito', 'Grisi, Patrícia Umeda', 'Gualtieri, Sonia Cristina Juliano']",2018.0,49.0,http://www.scielo.br/scielo.php?script=sci_arttext&pid=S1806-66902018000300484&lang=pt
41,"Occurrences of Ornithocoris toledoi (Cimicidae) on a free-range chicken farm in the state of Rio de Janeiro, Brazil",Revista Brasileira de Parasitologia Veterinária,"['Pires, Marcus Sandes', 'Luz, Hermes Ribeiro', 'Peckle, Maristela', 'Silva, Claudia Bezerra da', 'Vitari, Gabriela Lopes Vivas', 'Costa, Renata Lins da', 'Graciosa, Mariana Guimarães', 'Santos, Huarrisson Azevedo', 'Faccini, João Luiz Horacio', 'Massard, Carlos Luiz']",2018.0,27.0,http://www.scielo.br/scielo.php?script=sci_arttext&pid=S1984-29612018000300396&lang=pt
42,Toxicity of Cymbopogon flexuosus essential oil and citral for Spodoptera frugiperda,Ciência e Agrotecnologia,"['Oliveira, Ellison Rosario de', 'Alves, Dejane Santos', 'Carvalho, Geraldo Andrade', 'Oliveira, Bárbara Maria Ribeiro Guimarães de', 'Aazza, Smail', 'Bertolucci, Suzan Kelly Vilela']",2018.0,42.0,http://www.scielo.br/scielo.php?script=sci_arttext&pid=S1413-70542018000400408&lang=pt
43,Structural and histochemical profile of Lopesia sp. Rübsaamen 1908 pinnula galls on Mimosa tenuiflora (Willd.) Poir. in a Caatinga environment,Hoehnea,"['Nogueira, Ravena Malheiros', 'Costa, Elaine Cotrim', 'Silva, Juliana Santos', 'Isaias, Rosy Mary dos Santos']",2018.0,45.0,http://www.scielo.br/scielo.php?script=sci_arttext&pid=S2236-89062018000200314&lang=pt
44,Population density of Tibraca limbativentris on flood irrigated rice and alternative host plants,Pesquisa Agropecuária Brasileira,"['Pasini, Mauricio Paulo Batistella', 'Lúcio, Alessandro Dal’Col', 'Cargnelutti Filho, Alberto', 'Ribeiro, Ana Lúcia de Paula', 'Zamberlan, João Fernando', 'Lopes, Sidinei José']",2018.0,53.0,http://www.scielo.br/scielo.php?script=sci_arttext&pid=S0100-204X2018000300265&lang=pt
45,EFICIÊNCIA DE Beauveria bassiana VUILL. E Isaria sp. PARA O CONTROLE DE Thaumastocoris peregrinus CARPINTERO & DELLAPÉ (HEMIPTERA: THAUMASTOCORIDAE),Ciência Florestal,"['Lorencetti, Grasielle Adriane Toscan', 'Potrich, Michele', 'Mazaro, Sergio Miguel', 'Lozano, Everton Ricardi', 'Barbosa, Leonardo Rodrigues', 'Menezes, Marta Juliana Schmatz', 'Gonçalves, Thiago Evandro']",2018.0,28.0,http://www.scielo.br/scielo.php?script=sci_arttext&pid=S1980-50982018000100403&lang=pt
46,"Attractiveness, non-preference for feeding and oviposition to Ascia monuste orseis Godart (Lepidoptera: Pieridae) in collard greens",Arquivos do Instituto Biológico,"['Nogueira, Luciano', 'Almeida, André Cirilo de Sousa', 'Freitas, Marcelo Mueller de', 'Ribeiro, Zulene Antonio', 'Boiça Junior, Arlindo Leal', 'Jesus, Flávio Gonçalves de']",2018.0,85.0,http://www.scielo.br/scielo.php?script=sci_arttext&pid=S1808-16572018000100221&lang=pt
47,"Potencial de desenvolvimento de Lasioderma serricorne (Fabricius, 1792) (Coleoptera: Anobiidae) em dietas contendo soja",Brazilian Journal of Food Technology,"['Ferri, Glaucia Cristina', 'Lorini, Irineu', 'Ventura, Mauricio Ursi']",2018.0,21.0,http://www.scielo.br/scielo.php?script=sci_arttext&pid=S1981-67232018000100420&lang=pt
48,ECOPHYSIOLOGICAL ANALYSIS OF Eucalyptus camaldulensis (DEHNH) SUBMITTED TO ATTACK FROM Thaumastocoris peregrinus (CARPINTERO & DELLAPE),Revista Árvore,"['Almeida, Kamilla Emmanuelle Carvalho de', 'Silva, Junia Grazielle Soares da', 'Silva, Inaê Mariê de Araujo', 'Costa, Alisson Lucrecio da', 'Laia, Marcelo Luiz de']",2018.0,42.0,http://www.scielo.br/scielo.php?script=sci_arttext&pid=S0100-67622018000100218&lang=pt
49,Mortality of Conotrachelus humeropictus in response to combined application of the nematode Steinernema brazilense and the fungus Beauveria bassiana,Arquivos do Instituto Biológico,"['Simi, Lucas Detogni', 'Leite, Luís Garrigós', 'Trevisan, Olzeno', 'Costa, José Nilton Medeiros', 'Oliveira, Leandro Ezequiel', 'Schmidt, Fabio Silber', 'Bueno, Roselaine Nunes da Silva', 'Batista Filho, Antonio']",2018.0,85.0,http://www.scielo.br/scielo.php?script=sci_arttext&pid=S1808-16572018000100207&lang=pt
50,"Trophic structure of the fish community throughout the reservoirs and tributaries of the Middle and Lower Tietê River (São Paulo, Brazil)",Acta Limnologica Brasiliensia,"['Smith, Welber Senteio', 'Pereira, Camila Galvão Francisco', 'Espindola, Evaldo Luiz Gaeta', 'Rocha, Odete']",2018.0,30.0,http://www.scielo.br/scielo.php?script=sci_arttext&pid=S2179-975X2018000101003&lang=pt
51,OCORRÊNCIA ESPONTÂNEA DE Beauveria bassiana (Bals. Criv.) Vuill. 1912 (ASCOMYCETES: CLAVICIPITACEAE) SOBRE Thaumastocoris peregrinus (HEMIPTERA: THAUMASTOCORIDAE),Ciência Florestal,"['Lorencetti, Grasielle Adriane Toscan', 'Potrich, Michele', 'Mazaro, Sérgio Miguel', 'Lozano, Everton Ricardi', 'Gonçalves, Thiago Evandro', 'Dallacort, Sidinei']",2017.0,27.0,http://www.scielo.br/scielo.php?script=sci_arttext&pid=S1980-50982017000401403&lang=pt
52,"First record of acerola weevil, Anthonomus tomentosus (Faust, 1894) (Coleoptera: Curculionidae), in Brazil",Brazilian Journal of Biology,"['Marsaro Júnior, A. L.', 'Pereira, P. R. V. S.', 'Rosado-Neto, G. H.', 'Morais, E. G. F.']",2017.0,77.0,http://www.scielo.br/scielo.php?script=sci_arttext&pid=S1519-69842017000400803&lang=pt
53,CHEMICAL COMPOSITION AND TOXICITY OF CITRUS ESSENTIAL OILS ON Dysmicoccus brevipes (HEMIPTERA: PSEUDOCOCCIDAE),Revista Caatinga,"['MARTINS, GISELE DOS SANTOS OLIVEIRA', 'ZAGO, HUGO BOLSONI', 'COSTA, ADILSON VIDAL', 'ARAUJO JUNIOR, LUIS MOREIRA DE', 'CARVALHO, JOSÉ ROMÁRIO DE']",2017.0,30.0,http://www.scielo.br/scielo.php?script=sci_arttext&pid=S1983-21252017000300811&lang=pt
54,EFEITO DA COR DE ARMADILHAS ADESIVAS PARA MONITORAMENTO DE Thaumastocoris peregrinus CARPINTERO & DELLAPÉ (HEMIPTERA: THAUMASTOCORIDAE) NO CAMPO,Ciência Florestal,"['Smaniotto, Márcia Aparecida', 'Cunha, Uemerson Silva da', 'Finkenauer, Elder', 'Garcia, Mauro Silveira']",2017.0,27.0,http://www.scielo.br/scielo.php?script=sci_arttext&pid=S1980-50982017000300799&lang=pt
55,Host-seeking behavior of the Heterorhabditis amazonensis nematode in response to stimulant sources1,Pesquisa Agropecuária Tropical,"['Andaló, Vanessa', 'Moreira, Grazielle Furtado', 'Moino Junior, Alcides']",2017.0,47.0,http://www.scielo.br/scielo.php?script=sci_arttext&pid=S1983-40632017000300265&lang=pt
56,ECONOMIC INJURY LEVEL OF CITRUS BLACK-FLY IN COMMERCIAL ‘PERA-RIO’ ORANGE AREA,Revista Brasileira de Fruticultura,"['LIMA, BRUNO GONÇALVES', 'FARIAS, PAULO ROBERTO SILVA', 'RAMOS, EDSON MARCOS LEAL SOARES', 'SALES, TIAGO DE MELO', 'SILVA, ANDERSON GONÇALVES DA']",2017.0,39.0,http://www.scielo.br/scielo.php?script=sci_arttext&pid=S0100-29452017000300401&lang=pt
57,Spatial and temporal distribution of gerrid (Heteroptera) and predation on microcrustaceans from a tropical shallow lake,Brazilian Journal of Biology,"['Domingos, A. R.', 'Arcifa, M. S.']",2017.0,77.0,http://www.scielo.br/scielo.php?script=sci_arttext&pid=S1519-69842017000200289&lang=pt
58,BIOLOGIA DE Thaumastocoris peregrinus CARPINTERO E DELLAPÉ (HEMIPTERA: THAUMASTOCORIDAE) EM DEZ ESPÉCIES DE EUCALIPTO,Ciência Florestal,"['Smaniotto, Márcia Aparecida', 'Silva, Alexandre da', 'Cunha, Uemerson Silva da', 'Garcia, Mauro Silveira']",2017.0,27.0,http://www.scielo.br/scielo.php?script=sci_arttext&pid=S1980-50982017000200679&lang=pt
59,Infection of silkworm larvae by the entomopathogenic fungus Metarhizium anisopliae,Ciência Rural,"['Ribeiro, Lucineia de Fátima Chasko', 'Tavares, Jeronimo', 'Silva, Sóstenez Alexandre Vessaro', 'Alvez, Luis Francisco Angeli', 'Loth, Eduardo Alexandre', 'Brancalhão, Rose Meire Costa']",2017.0,47.0,http://www.scielo.br/scielo.php?script=sci_arttext&pid=S0103-84782017000400151&lang=pt
60,White grubs (Cyclocephala flavipennis) damaging perennial winter pastures in the South Region of Brazil,Ciência Rural,"['Duchini, Paulo Gonçalves', 'Echeverria, Joilson Roda', 'Américo, Luana Fidelis', 'Guzatti, Gabriela Cristina', 'Cherman, Mariana Alejandra', 'Sbrissia, André Fischer']",2017.0,47.0,http://www.scielo.br/scielo.php?script=sci_arttext&pid=S0103-84782017000500153&lang=pt
61,Predispersal infestation of Vochysia haenkeana seeds by Lius conicus,Ciência Rural,"['Lourenço, Samara Letícia Oliveira', 'Luiz, Marcelo Felix', 'Jesus, Flávio Gonçalves de', 'Carvalho, Daniel Diego Costa', 'Hornburg, Michael', 'Araújo, Márcio da Silva']",2017.0,47.0,http://www.scielo.br/scielo.php?script=sci_arttext&pid=S0103-84782017000900153&lang=pt
62,Populational fluctuation of lace bug in cassava,Arquivos do Instituto Biológico,"['Bellon, Patrícia Paula', 'Oliveira, Harley Nonato de', 'Loureiro, Elisângela de Souza', 'Santana, Danilo Renato Santiago', 'Otsubo, Auro Akio', 'Mota, Thiago Alexandre']",2017.0,84.0,http://www.scielo.br/scielo.php?script=sci_arttext&pid=S1808-16572017000100225&lang=pt
63,"Toxicity of essential oils from leaves of Piperaceae species in rice stalk stink bug eggs, Tibraca limbativentris (Hemiptera: Pentatomidae)",Ciência e Agrotecnologia,"['Krinski, Diones', 'Foerster, Luís Amilton']",2016.0,40.0,http://www.scielo.br/scielo.php?script=sci_arttext&pid=S1413-70542016000600676&lang=pt
64,"Walking stability of Rhyzopertha dominica (Fabricius, 1792) (Coleoptera: Bostrichidae)",Brazilian Journal of Biology,"['Pires, E. M.', 'Nogueira, R. M.', 'Pina, D. S.', 'Manica, C. L. M.', 'Faroni, L. R. A.', 'Moreira, P. S. A.']",2016.0,76.0,http://www.scielo.br/scielo.php?script=sci_arttext&pid=S1519-69842016000300568&lang=pt
65,Primeiro registro do besouro-amarelo-do-eucalipto em plantio de eucalipto no Estado do Acre,Revista Ceres,"['Santos, Rodrigo Souza', 'Gonçalves, Roberto', 'Silva, Norivaldo dos Anjos']",2016.0,63.0,http://www.scielo.br/scielo.php?script=sci_arttext&pid=S0034-737X2016000400584&lang=pt
66,Effect of the flavonoid rutin on the biology of Spodoptera frugiperda (Lepidoptera: Noctuidae),Acta Scientiarum. Agronomy,"['Silva, Talita Roberta Ferreira Borges', 'Almeida, André Cirilo de Sousa', 'Moura, Tony de Lima', 'Silva, Anderson Rodrigo da', 'Freitas, Silvia de Sousa', 'Jesus, Flávio Gonçalves']",2016.0,38.0,http://www.scielo.br/scielo.php?script=sci_arttext&pid=S1807-86212016000200165&lang=pt
67,Seleção de clones de braquiária para resistência à lagarta-do-cartucho,Pesquisa Agropecuária Brasileira,"['Auad, Alexander Machado', 'Souza Sobrinho, Fausto', 'Mendes, Simone Martins', 'Toledo, Antônio Marcos Oliveira', 'Lucindo, Thiago de Souza', 'Benites, Flavio Rodrigo Gantolfi']",2016.0,51.0,http://www.scielo.br/scielo.php?script=sci_arttext&pid=S0100-204X2016000500579&lang=pt
68,Mitochondrial markers to distinguish Spodoptera frugiperda populations associated with corn and cotton crops,Pesquisa Agropecuária Brasileira,"['Queiroz, Paulo Roberto', 'Ramiro, Carolina Almeida', 'Martins, Érica Soares', 'Soberón, Mário', 'Bravo, Alejandra', 'Monnerat, Rose Gomes']",2016.0,51.0,http://www.scielo.br/scielo.php?script=sci_arttext&pid=S0100-204X2016000500692&lang=pt
69,Tratamento de sementes para manejo do percevejo-barriga-verde na cultura de soja e milho em sucessão,Pesquisa Agropecuária Brasileira,"['Chiesa, Ana Carolina Montenegro', 'Sismeiro, Mariana Nunes dos Santos', 'Pasini, Amarildo', 'Roggia, Samuel']",2016.0,51.0,http://www.scielo.br/scielo.php?script=sci_arttext&pid=S0100-204X2016000400301&lang=pt
70,"Pollination in the oil palms Elaeis guineensis, E. oleifera and their hybrids (OxG), in tropical America",Pesquisa Agropecuária Tropical,"['Meléndez, María Raquel', 'Ponce, William Patricio']",2016.0,46.0,http://www.scielo.br/scielo.php?script=sci_arttext&pid=S1983-40632016000100102&lang=pt
71,Effects of environmental and architectural diversity of Caryocar brasiliense (Malpighiales: Caryocaraceae) on Edessa ruformaginata (Hemiptera: Pentatomidae) and its biology,Acta Scientiarum. Agronomy,"['Leite, Germano Leão Demolin', 'Lopes, Paulo Sérgio Nascimento', 'Zanuncio, José Cola', 'Martins, Cristina de Paula Santos', 'Moreira, Thiago Marçal Borges', 'Costa, Renildo Ismael Félix da']",2016.0,38.0,http://www.scielo.br/scielo.php?script=sci_arttext&pid=S1807-86212016000100019&lang=pt
72,Patogenicidade de Beauveria bassiana no controle in vitro da lagarta-da-espiga do milho (Helicoverpa zea),Revista de Ciências Agrárias,"['Zambiazzi, Everton Vinicius', 'Guilherme, Scheila R.', 'Corassa, Janaina de N.', 'Bonaldo, Solange M.', 'Zuffo, Alan M.', 'Soares, Igor O.', 'Oliveira, Danyela de C. da S.']",2016.0,39.0,http://www.scielo.pt/scielo.php?script=sci_arttext&pid=S0871-018X2016000100010&lang=pt
73,Efficiency of inert mineral dusts in the control of corn weevil,Revista Brasileira de Engenharia Agrícola e Ambiental,"['Jairoce, Carlos F.', 'Teixeira, Cristiano M.', 'Nunes, Adrise M.', 'Holdefer, Daniela R.', 'Krüger, Alexandra P.', 'Garcia, Flávio R. M.']",2016.0,20.0,http://www.scielo.br/scielo.php?script=sci_arttext&pid=S1415-43662016000200158&lang=pt
74,"Registro de Isogonoceraia divergipennis White & Hodkinson associado a Poincianella pluviosa (Fabaceae) em Mato Grosso, Brasil",Arquivos do Instituto Biológico,"['Mazzardo, Tatiana', 'Barreto, Marliton Rocha', 'Pezzini, Leonir Antunes', 'Sedano, Alisson Diego Bassoli', 'Burckhardt, Daniel', 'Queiroz, Dalva Luiz de']",2016.0,83.0,http://www.scielo.br/scielo.php?script=sci_arttext&pid=S1808-16572016000100301&lang=pt
75,"OCURRENCE OF Revena plaumanni BONDAR, 1943 (Coleoptera: CURCULIONIDAE) IN PINDO PALM FRUIT",Revista Brasileira de Fruticultura,"['TONIETTO, ADILSON', 'SCHLINDWEIN, GILSON']",2016.0,38.0,http://www.scielo.br/scielo.php?script=sci_arttext&pid=S0100-29452016000300404&lang=pt
76,Trophic structure of macroinvertebrates in tropical pasture streams,Acta Limnologica Brasiliensia,"['Silveira-Manzotti, Bruna Neves da', 'Manzotti, Angelo Rodrigo', 'Ceneviva-Bastos, Mônica', 'Casatti, Lilian']",2016.0,28.0,http://www.scielo.br/scielo.php?script=sci_arttext&pid=S2179-975X2016000100312&lang=pt
77,Feeding resource partitioning between two understorey insectivorous birds in a fragment of Neotropical cloud forest,Brazilian Journal of Biology,"['Manhães, M. A.', 'Dias, M. M.', 'Lima, A. L. C.']",2015.0,75.0,http://www.scielo.br/scielo.php?script=sci_arttext&pid=S1519-69842015000800176&lang=pt
78,Plant vibration of american pepper cultivars for fruit production in protected environment with and without closed sides,Ciência Rural,"['Freitas, Pâmela Gomes Nakada', 'Magro, Felipe Oliveira', 'Claudio, Marina de Toledo Rodrigues', 'Tavares, Ana Emília Barbosa', 'Cardoso, Antonio Ismael Inácio', 'Lanna, Natália de Brito Lima']",2015.0,45.0,http://www.scielo.br/scielo.php?script=sci_arttext&pid=S0103-84782015001101959&lang=pt
79,Occurrence of insects causing injuries to the yacon crop,Horticultura Brasileira,"['Silva, Diego MN', 'Oliveira, Fábio L', 'Dalvi, Leandro P', 'Pratissoli, Dirceu', 'Erlacher, Wellington A', 'Quaresma, Mateus AL']",2015.0,33.0,http://www.scielo.br/scielo.php?script=sci_arttext&pid=S0102-05362015000300394&lang=pt
